"Subject","Group","PSSbefore","PSSafter","Diff"
"A1","Sport",25,13,-12
"A3","Sport",17,15,-2
"A4","Sport",12,13,1
"A5","Sport",21,22,1
"A6","Sport",29,25,-4
"A7","Sport",28,24,-4
"A8","Sport",21,19,-2
"B1","Sport",18,19,1
"B2","Sport",20,24,4
"B3","Sport",29,21,-8
"B4","Sport",27,22,-5
"B5","Sport",44,33,-11
"B6","Sport",23,8,-15
"B7","Sport",18,12,-6
"B8","Sport",27,30,3
"A2","Control",0,16,16
"C1","Control",30,27,-3
"C2","Control",12,31,19
"C3","Control",29,21,-8
"C4","Control",25,33,8
"C6","Control",2,9,7
"C7","Control",6,26,20
"C8","Control",20,20,0
"C9","Control",27,28,1
"C10","Control",14,21,7
"C11","Control",15,29,14
